,0
0,builtins
1,sys
2,_frozen_importlib
3,_imp
4,_warnings
5,_thread
6,_weakref
7,_frozen_importlib_external
8,_io
9,marshal
10,nt
11,winreg
12,zipimport
13,encodings
14,codecs
15,_codecs
16,encodings.aliases
17,encodings.utf_8
18,_signal
19,__main__
20,encodings.latin_1
21,io
22,abc
23,_weakrefset
24,site
25,os
26,errno
27,stat
28,_stat
29,ntpath
30,genericpath
31,os.path
32,_collections_abc
33,_sitebuiltins
34,sysconfig
35,_bootlocale
36,_locale
37,encodings.gbk
38,_codecs_cn
39,_multibytecodec
40,types
41,functools
42,_functools
43,collections
44,operator
45,_operator
46,keyword
47,heapq
48,_heapq
49,itertools
50,reprlib
51,_collections
52,weakref
53,collections.abc
54,zope
55,encodings.cp437
56,pandas
57,numpy
58,__future__
59,warnings
60,numpy._globals
61,numpy.__config__
62,numpy.version
63,numpy._import_tools
64,numpy.add_newdocs
65,numpy.lib
66,math
67,numpy.lib.info
68,numpy.lib.type_check
69,numpy.core
70,numpy.core.info
71,datetime
72,time
73,_datetime
74,numpy.core.multiarray
75,numpy.core.umath
76,numpy.core._internal
77,re
78,enum
79,sre_compile
80,_sre
81,sre_parse
82,sre_constants
83,copyreg
84,numpy.compat
85,numpy.compat._inspect
86,numpy.compat.py3k
87,ctypes
88,_ctypes
89,struct
90,_struct
91,ctypes._endian
92,numpy.core.numerictypes
93,numbers
94,numpy.core.numeric
95,pickle
96,_compat_pickle
97,_pickle
98,numpy.core.arrayprint
99,numpy.core.fromnumeric
100,numpy.core._methods
101,numpy.core.defchararray
102,numpy.core.records
103,numpy.core.memmap
104,numpy.core.function_base
105,numpy.core.machar
106,numpy.core.getlimits
107,numpy.core.shape_base
108,numpy.testing
109,unittest
110,unittest.result
111,traceback
112,linecache
113,tokenize
114,token
115,unittest.util
116,unittest.case
117,difflib
118,logging
119,string
120,_string
121,threading
122,atexit
123,pprint
124,contextlib
125,unittest.suite
126,unittest.loader
127,fnmatch
128,posixpath
129,unittest.main
130,argparse
131,copy
132,textwrap
133,gettext
134,locale
135,unittest.runner
136,unittest.signals
137,signal
138,numpy.testing.decorators
139,numpy.testing.utils
140,shutil
141,tarfile
142,bz2
143,_compression
144,_bz2
145,lzma
146,_lzma
147,tempfile
148,random
149,hashlib
150,_hashlib
151,_blake2
152,_sha3
153,bisect
154,_bisect
155,_random
156,numpy.testing.nosetester
157,numpy.lib.utils
158,numpy.lib.ufunclike
159,numpy.lib.index_tricks
160,numpy.lib.function_base
161,numpy.lib.twodim_base
162,numpy.matrixlib
163,numpy.matrixlib.defmatrix
164,numpy.lib.stride_tricks
165,numpy.lib.nanfunctions
166,numpy.lib.shape_base
167,numpy.lib.scimath
168,numpy.lib.polynomial
169,numpy.linalg
170,numpy.linalg.info
171,numpy.linalg.linalg
172,numpy.linalg.lapack_lite
173,numpy.linalg._umath_linalg
174,numpy.lib.arraysetops
175,numpy.lib.npyio
176,numpy.lib.format
177,numpy.lib._datasource
178,numpy.lib._iotools
179,numpy.lib.financial
180,numpy.lib.arrayterator
181,numpy.lib.arraypad
182,numpy.lib._version
183,numpy.fft
184,numpy.fft.info
185,numpy.fft.fftpack
186,numpy.fft.fftpack_lite
187,numpy.fft.helper
188,numpy.polynomial
189,numpy.polynomial.polynomial
190,numpy.polynomial.polyutils
191,numpy.polynomial._polybase
192,numpy.polynomial.chebyshev
193,numpy.polynomial.legendre
194,numpy.polynomial.hermite
195,numpy.polynomial.hermite_e
196,numpy.polynomial.laguerre
197,numpy.random
198,numpy.random.info
199,mtrand
200,numpy.random.mtrand
201,numpy.ctypeslib
202,numpy.ma
203,numpy.ma.core
204,numpy.ma.extras
205,pytz
206,pytz.exceptions
207,pytz.lazy
208,pytz.tzinfo
209,pytz.tzfile
210,dateutil
211,pandas.compat
212,distutils
213,distutils.version
214,unicodedata
215,inspect
216,ast
217,_ast
218,dis
219,opcode
220,_opcode
221,importlib
222,importlib._bootstrap
223,importlib._bootstrap_external
224,importlib.machinery
225,http
226,http.client
227,email
228,email.parser
229,email.feedparser
230,email.errors
231,email._policybase
232,email.header
233,binascii
234,email.quoprimime
235,email.base64mime
236,base64
237,email.charset
238,email.encoders
239,quopri
240,email.utils
241,socket
242,_socket
243,selectors
244,select
245,urllib
246,urllib.parse
247,email._parseaddr
248,calendar
249,email.message
250,uu
251,email._encoded_words
252,email.iterators
253,ssl
254,ipaddress
255,_ssl
256,pandas.compat.chainmap
257,dateutil.parser
258,six
259,dateutil.relativedelta
260,dateutil._common
261,dateutil.tz
262,dateutil.tz.tz
263,dateutil.tz._common
264,six.moves
265,dateutil.tz.win
266,ctypes.wintypes
267,pandas.compat.numpy
268,pandas.hashtable
269,_cython_0_25_2
270,pandas.tslib
271,dateutil.zoneinfo
272,json
273,json.decoder
274,json.scanner
275,_json
276,json.encoder
277,pkgutil
278,importlib.util
279,importlib.abc
280,pandas.lib
281,pandas.info
282,pandas.core
283,pandas.core.config_init
284,pandas.core.config
285,pandas.formats
286,pandas.formats.printing
287,pandas.types
288,pandas.types.inference
289,pandas.formats.format
290,pandas.types.missing
291,pandas.types.generic
292,pandas.types.common
293,pandas.algos
294,pandas.types.dtypes
295,pandas.core.base
296,pandas.core.common
297,pandas.api
298,pandas.api.types
299,pandas.types.api
300,pandas.core.nanops
301,bottleneck
302,bottleneck.reduce
303,bottleneck.nonreduce
304,bottleneck.nonreduce_axis
305,bottleneck.move
306,bottleneck.slow
307,bottleneck.slow.reduce
308,bottleneck.slow.nonreduce
309,bottleneck.slow.nonreduce_axis
310,bottleneck.slow.move
311,bottleneck.version
312,bottleneck.benchmark
313,bottleneck.benchmark.bench
314,bottleneck.benchmark.autotimeit
315,timeit
316,gc
317,bottleneck.benchmark.bench_detailed
318,bottleneck.tests
319,bottleneck.tests.util
320,pandas.types.cast
321,pandas.compat.numpy.function
322,pandas.util
323,pandas.util.validators
324,pandas.util.decorators
325,pandas.core.index
326,pandas.indexes
327,pandas.indexes.api
328,pandas.indexes.base
329,pandas._join
330,pandas.core.algorithms
331,pandas.index
332,pandas.types.concat
333,pandas.core.missing
334,pandas.core.ops
335,pandas.computation
336,numexpr
337,numexpr.__config__
338,numexpr.cpuinfo
339,subprocess
340,msvcrt
341,_winapi
342,platform
343,numexpr.expressions
344,numexpr.interpreter
345,numexpr.necompiler
346,numexpr.utils
347,numexpr.tests
348,numexpr.tests.test_numexpr
349,numexpr.version
350,pandas.computation.expressions
351,pandas.core.strings
352,pandas.indexes.category
353,pandas.core.categorical
354,pandas.util.terminal
355,pandas.indexes.multi
356,pandas.indexes.numeric
357,pandas.indexes.range
358,pandas.io
359,pandas.io.common
360,csv
361,_csv
362,mmap
363,zipfile
364,zlib
365,pathlib
366,py
367,py._apipkg
368,py.error
369,py.test
370,py.test.collect
371,py.test.cmdline
372,py.process
373,py.apipkg
374,py.iniconfig
375,py.path
376,py.code
377,py.builtin
378,py.io
379,py.xml
380,py.log
381,py._path
382,py._path.local
383,py._path.common
384,urllib.request
385,urllib.error
386,urllib.response
387,nturl2path
388,pandas.tseries
389,pandas.tseries.index
390,pandas.tseries.frequencies
391,pandas.tseries.offsets
392,pandas.tseries.tools
393,dateutil.easter
394,pandas.tseries.base
395,pandas._period
396,pandas.tseries.timedeltas
397,pandas.tseries.period
398,pandas.tseries.tdi
399,xlsxwriter
400,xlsxwriter.workbook
401,xlsxwriter.compatibility
402,decimal
403,_decimal
404,fractions
405,xlsxwriter.xmlwriter
406,xlsxwriter.worksheet
407,xlsxwriter.format
408,xlsxwriter.drawing
409,xlsxwriter.shape
410,xlsxwriter.utility
411,xlsxwriter.chartsheet
412,xlsxwriter.sharedstrings
413,xlsxwriter.packager
414,xlsxwriter.app
415,xlsxwriter.contenttypes
416,xlsxwriter.core
417,xlsxwriter.custom
418,xlsxwriter.relationships
419,xlsxwriter.styles
420,xlsxwriter.theme
421,xlsxwriter.vml
422,xlsxwriter.table
423,xlsxwriter.comments
424,xlsxwriter.chart_area
425,xlsxwriter.chart
426,xlsxwriter.chart_bar
427,xlsxwriter.chart_column
428,xlsxwriter.chart_doughnut
429,xlsxwriter.chart_pie
430,xlsxwriter.chart_line
431,xlsxwriter.chart_radar
432,xlsxwriter.chart_scatter
433,xlsxwriter.chart_stock
434,pandas.core.api
435,pandas.core.groupby
436,pandas.core.frame
437,pandas.core.generic
438,pandas.core.indexing
439,pandas.core.internals
440,pandas.sparse
441,pandas.sparse.array
442,pandas._sparse
443,pandas.core.series
444,pandas.tseries.common
445,pandas.core.window
446,pandas._window
447,pandas.tools
448,pandas.tools.plotting
449,pandas.tseries.converter
450,matplotlib
451,distutils.sysconfig
452,distutils.errors
453,matplotlib.cbook
454,glob
455,gzip
456,matplotlib.compat
457,matplotlib.compat.subprocess
458,matplotlib.rcsetup
459,matplotlib.fontconfig_pattern
460,pyparsing
461,encodings.utf_8_sig
462,matplotlib.colors
463,matplotlib._color_data
464,cycler
465,six.moves.urllib
466,six.moves.urllib.request
467,matplotlib._version
468,matplotlib.units
469,matplotlib.dates
470,dateutil.rrule
471,matplotlib.ticker
472,matplotlib.transforms
473,matplotlib._path
474,matplotlib.path
475,pandas.computation.eval
476,pandas.computation.expr
477,pandas.tools.util
478,pandas.computation.ops
479,pandas.computation.common
480,pandas.computation.scope
481,pandas.computation.engines
482,pandas.computation.align
483,pandas.core.panel
484,pandas.core.panel4d
485,pandas.core.panelnd
486,pandas.core.reshape
487,pandas.core.sparse
488,pandas.sparse.series
489,pandas.sparse.scipy_sparse
490,pandas.sparse.frame
491,pandas.util.depr_module
492,pandas.sparse.api
493,pandas.sparse.list
494,pandas.stats
495,pandas.stats.api
496,pandas.stats.moments
497,pandas.stats.interface
498,pandas.stats.ols
499,pandas.stats.common
500,pandas.stats.math
501,pandas.stats.plm
502,pandas.stats.fama_macbeth
503,pandas.tseries.api
504,pandas.tseries.resample
505,pandas.io.api
506,pandas.io.parsers
507,pandas.io.date_converters
508,pandas.parser
509,pandas.io.clipboard
510,pandas.io.excel
511,pandas.json
512,pandas.compat.openpyxl_compat
513,pandas.io.pytables
514,pandas.tools.merge
515,pandas.computation.pytables
516,pandas.io.json
517,pandas.io.html
518,pandas.io.sql
519,pandas.io.sas
520,pandas.io.sas.sasreader
521,pandas.io.stata
522,pandas.io.pickle
523,pandas.compat.pickle_compat
524,pandas.io.packers
525,pandas.msgpack
526,pandas.msgpack._version
527,pandas.msgpack.exceptions
528,pandas.msgpack._packer
529,pandas.msgpack._unpacker
530,pandas.util._move
531,pandas.io.gbq
532,uuid
533,ctypes.util
534,pandas.computation.api
535,pandas.tools.pivot
536,pandas.tools.tile
537,pandas.util.print_versions
538,pandas.util.testing
539,pandas._testing
540,pandas.util.nosetester
541,pandas._version
